datetime,temperature
6/1/13 0:00,83.102
6/1/13 1:00,80.798
6/1/13 2:00,78.206
6/1/13 3:00,76.352
6/1/13 4:00,74.444
6/1/13 5:00,73.058
6/1/13 6:00,72.374
6/1/13 7:00,75.434
6/1/13 8:00,80.546
6/1/13 9:00,84.65
6/1/13 10:00,87.71
6/1/13 11:00,90.554
6/1/13 12:00,92.876
6/1/13 13:00,94.982
6/1/13 14:00,96.764
6/1/13 15:00,98.132
6/1/13 16:00,98.834
6/1/13 17:00,99.248
6/1/13 18:00,98.654
6/1/13 19:00,96.908
6/1/13 20:00,93.794
6/1/13 21:00,89.96
6/1/13 22:00,86.702
6/1/13 23:00,84.182
6/2/13 0:00,82.706
6/2/13 1:00,81.284
6/2/13 2:00,79.52
6/2/13 3:00,78.242
6/2/13 4:00,77.018
6/2/13 5:00,75.524
6/2/13 6:00,75.164
6/2/13 7:00,78.908
6/2/13 8:00,83.66
6/2/13 9:00,90.158
6/2/13 10:00,94.604
6/2/13 11:00,98.276
6/2/13 12:00,101.678
6/2/13 13:00,104.252
6/2/13 14:00,105.71
6/2/13 15:00,106.124
6/2/13 16:00,105.782
6/2/13 17:00,104.846
6/2/13 18:00,104.396
6/2/13 19:00,102.866
6/2/13 20:00,98.726
6/2/13 21:00,93.704
6/2/13 22:00,89.708
6/2/13 23:00,86.504
6/3/13 0:00,84.506
6/3/13 1:00,82.724
6/3/13 2:00,81.338
6/3/13 3:00,79.826
6/3/13 4:00,77.918
6/3/13 5:00,76.514
6/3/13 6:00,76.388
6/3/13 7:00,80.15
6/3/13 8:00,86.126
6/3/13 9:00,91.364
6/3/13 10:00,95.63
6/3/13 11:00,100.112
6/3/13 12:00,101.93
6/3/13 13:00,104.09
6/3/13 14:00,105.728
6/3/13 15:00,107.006
6/3/13 16:00,107.042
6/3/13 17:00,106.844
6/3/13 18:00,105.458
6/3/13 19:00,103.01
6/3/13 20:00,99.356
6/3/13 21:00,95.648
6/3/13 22:00,92.948
6/3/13 23:00,89.762
6/4/13 0:00,85.082
6/4/13 1:00,81.788
6/4/13 2:00,79.556
6/4/13 3:00,78.044
6/4/13 4:00,75.704
6/4/13 5:00,74.39
6/4/13 6:00,74.3
6/4/13 7:00,78.98
6/4/13 8:00,84.812
6/4/13 9:00,89.204
6/4/13 10:00,92.408
6/4/13 11:00,95.45
6/4/13 12:00,97.484
6/4/13 13:00,99.428
6/4/13 14:00,101.12
6/4/13 15:00,102.218
6/4/13 16:00,102.83
6/4/13 17:00,102.614
6/4/13 18:00,101.822
6/4/13 19:00,99.734
6/4/13 20:00,96.008
6/4/13 21:00,92.786
6/4/13 22:00,89.384
6/4/13 23:00,86.27
6/5/13 0:00,83.21
6/5/13 1:00,81.086
6/5/13 2:00,79.988
6/5/13 3:00,75.38
6/5/13 4:00,72.842
6/5/13 5:00,71.222
6/5/13 6:00,72.14
6/5/13 7:00,75.488
6/5/13 8:00,83.804
6/5/13 9:00,89.798
6/5/13 10:00,92.498
6/5/13 11:00,96.206
6/5/13 12:00,98.204
6/5/13 13:00,100.598
6/5/13 14:00,101.768
6/5/13 15:00,102.74
6/5/13 16:00,102.542
6/5/13 17:00,102.254
6/5/13 18:00,101.966
6/5/13 19:00,99.122
6/5/13 20:00,95.612
6/5/13 21:00,92.606
6/5/13 22:00,89.618
6/5/13 23:00,86.252
6/6/13 0:00,84.11
6/6/13 1:00,81.086
6/6/13 2:00,78.152
6/6/13 3:00,75.92
6/6/13 4:00,74.156
6/6/13 5:00,72.428
6/6/13 6:00,72.212
6/6/13 7:00,76.1
6/6/13 8:00,84.362
6/6/13 9:00,88.646
6/6/13 10:00,91.994
6/6/13 11:00,95.45
6/6/13 12:00,97.97
6/6/13 13:00,100.31
6/6/13 14:00,102.254
6/6/13 15:00,103.262
6/6/13 16:00,103.298
6/6/13 17:00,102.938
6/6/13 18:00,102.524
6/6/13 19:00,100.238
6/6/13 20:00,95.036
6/6/13 21:00,90.266
6/6/13 22:00,87.62
6/6/13 23:00,83.588
6/7/13 0:00,82.544
6/7/13 1:00,80.69
6/7/13 2:00,78.674
6/7/13 3:00,77.108
6/7/13 4:00,75.236
6/7/13 5:00,73.472
6/7/13 6:00,73.094
6/7/13 7:00,78.206
6/7/13 8:00,84.416
6/7/13 9:00,89.6
6/7/13 10:00,94.208
6/7/13 11:00,97.484
6/7/13 12:00,100.796
6/7/13 13:00,103.748
6/7/13 14:00,105.242
6/7/13 15:00,107.51
6/7/13 16:00,107.366
6/7/13 17:00,107.87
6/7/13 18:00,106.754
6/7/13 19:00,103.946
6/7/13 20:00,99.95
6/7/13 21:00,96.674
6/7/13 22:00,94.136
6/7/13 23:00,89.996
6/8/13 0:00,87.224
6/8/13 1:00,85.46
6/8/13 2:00,84.002
6/8/13 3:00,78.638
6/8/13 4:00,78.998
6/8/13 5:00,77.846
6/8/13 6:00,77.018
6/8/13 7:00,81.068
6/8/13 8:00,87.728
6/8/13 9:00,92.948
6/8/13 10:00,97.394
6/8/13 11:00,100.778
6/8/13 12:00,103.64
6/8/13 13:00,105.872
6/8/13 14:00,107.528
6/8/13 15:00,108.968
6/8/13 16:00,109.328
6/8/13 17:00,108.968
6/8/13 18:00,107.636
6/8/13 19:00,105.872
6/8/13 20:00,101.696
6/8/13 21:00,98.42
6/8/13 22:00,95.414
6/8/13 23:00,94.334
6/9/13 0:00,90.464
6/9/13 1:00,87.008
6/9/13 2:00,84.704
6/9/13 3:00,83.48
6/9/13 4:00,81.428
6/9/13 5:00,80.06
6/9/13 6:00,78.152
6/9/13 7:00,81.86
6/9/13 8:00,88.232
6/9/13 9:00,92.858
6/9/13 10:00,95.648
6/9/13 11:00,98.24
6/9/13 12:00,101.39
6/9/13 13:00,103.136
6/9/13 14:00,105.422
6/9/13 15:00,106.286
6/9/13 16:00,106.844
6/9/13 17:00,106.502
6/9/13 18:00,105.008
6/9/13 19:00,102.362
6/9/13 20:00,98.996
6/9/13 21:00,96.134
6/9/13 22:00,93.2
6/9/13 23:00,90.086
6/10/13 0:00,87.152
6/10/13 1:00,84.812
6/10/13 2:00,81.356
6/10/13 3:00,79.898
6/10/13 4:00,77.648
6/10/13 5:00,74.786
6/10/13 6:00,73.886
6/10/13 7:00,78.332
6/10/13 8:00,85.46
6/10/13 9:00,91.274
6/10/13 10:00,94.406
6/10/13 11:00,97.754
6/10/13 12:00,100.22
6/10/13 13:00,102.002
6/10/13 14:00,104.144
6/10/13 15:00,105.62
6/10/13 16:00,106.232
6/10/13 17:00,106.376
6/10/13 18:00,105.062
6/10/13 19:00,102.65
6/10/13 20:00,98.762
6/10/13 21:00,94.172
6/10/13 22:00,90.068
6/10/13 23:00,87.584
6/11/13 0:00,85.28
6/11/13 1:00,82.148
6/11/13 2:00,80.906
6/11/13 3:00,78.674
6/11/13 4:00,70.9871
6/11/13 5:00,75.146
6/11/13 6:00,73.814
6/11/13 7:00,78.746
6/11/13 8:00,84.722
6/11/13 9:00,92.966
6/11/13 10:00,95.882
6/11/13 11:00,99.374
6/11/13 12:00,101.408
6/11/13 13:00,104.09
6/11/13 14:00,105.962
6/11/13 15:00,106.97
6/11/13 16:00,107.258
6/11/13 17:00,107.276
6/11/13 18:00,106.376
6/11/13 19:00,103.766
6/11/13 20:00,98.942
6/11/13 21:00,95.954
6/11/13 22:00,93.182
6/11/13 23:00,88.466
6/12/13 0:00,85.388
6/12/13 1:00,82.454
6/12/13 2:00,79.214
6/12/13 3:00,77.558
6/12/13 4:00,74.948
6/12/13 5:00,73.328
6/12/13 6:00,73.454
6/12/13 7:00,78.134
6/12/13 8:00,85.712
6/12/13 9:00,91.796
6/12/13 10:00,96.188
6/12/13 11:00,100.256
6/12/13 12:00,102.416
6/12/13 13:00,104.36
6/12/13 14:00,105.494
6/12/13 15:00,106.736
6/12/13 16:00,107.834
6/12/13 17:00,107.024
6/12/13 18:00,105.746
6/12/13 19:00,102.614
6/12/13 20:00,99.392
6/12/13 21:00,96.242
6/12/13 22:00,90.986
6/12/13 23:00,87.764
6/13/13 0:00,86.108
6/13/13 1:00,84.488
6/13/13 2:00,82.994
6/13/13 3:00,74.5835
6/13/13 4:00,78.188
6/13/13 5:00,77.342
6/13/13 6:00,76.694
6/13/13 7:00,81.914
6/13/13 8:00,87.278
6/13/13 9:00,93.254
6/13/13 10:00,97.88
6/13/13 11:00,101.066
6/13/13 12:00,103.442
6/13/13 13:00,105.962
6/13/13 14:00,107.996
6/13/13 15:00,109.148
6/13/13 16:00,108.878
6/13/13 17:00,108.752
6/13/13 18:00,103.6643
6/13/13 19:00,105.404
6/13/13 20:00,101.354
6/13/13 21:00,98.456
6/13/13 22:00,95.018
6/13/13 23:00,92.336
6/14/13 0:00,89.762
6/14/13 1:00,88.25
6/14/13 2:00,86.63
6/14/13 3:00,84.434
6/14/13 4:00,83.39
6/14/13 5:00,82.436
6/14/13 6:00,81.104
6/14/13 7:00,84.164
6/14/13 8:00,87.17
6/14/13 9:00,93.992
6/14/13 10:00,95.72
6/14/13 11:00,98.78
6/14/13 12:00,100.292
6/14/13 13:00,101.318
6/14/13 14:00,102.632
6/14/13 15:00,103.046
6/14/13 16:00,103.604
6/14/13 17:00,103.226
6/14/13 18:00,102.416
6/14/13 19:00,100.04
6/14/13 20:00,96.242
6/14/13 21:00,93.848
6/14/13 22:00,91.274
6/14/13 23:00,89.996
6/15/13 0:00,87.53
6/15/13 1:00,84.596
6/15/13 2:00,82.544
6/15/13 3:00,79.106
6/15/13 4:00,77.108
6/15/13 5:00,76.478
6/15/13 6:00,78.458
6/15/13 7:00,84.452
6/15/13 8:00,89.402
6/15/13 9:00,91.976
6/15/13 10:00,94.568
6/15/13 11:00,96.422
6/15/13 12:00,98.996
6/15/13 13:00,100.778
6/15/13 14:00,102.236
6/15/13 15:00,102.38
6/15/13 16:00,103.172
6/15/13 17:00,102.776
6/15/13 18:00,102.362
6/15/13 19:00,99.806
6/15/13 20:00,95.612
6/15/13 21:00,90.914
6/15/13 22:00,88.592
6/15/13 23:00,90.014
6/16/13 0:00,87.818
6/16/13 1:00,86.036
6/16/13 2:00,82.13
6/16/13 3:00,80.546
6/16/13 4:00,78.872
6/16/13 5:00,77.918
6/16/13 6:00,78.854
6/16/13 7:00,85.316
6/16/13 8:00,92.03
6/16/13 9:00,93.992
6/16/13 10:00,97.772
6/16/13 11:00,100.04
6/16/13 12:00,102.29
6/16/13 13:00,103.262
6/16/13 14:00,104.324
6/16/13 15:00,104.198
6/16/13 16:00,104
6/16/13 17:00,103.964
6/16/13 18:00,103.172
6/16/13 19:00,100.382
6/16/13 20:00,96.602
6/16/13 21:00,93.83
6/16/13 22:00,90.536
6/16/13 23:00,87.368
6/17/13 0:00,84.146
6/17/13 1:00,83.39
6/17/13 2:00,79.25
6/17/13 3:00,78.224
6/17/13 4:00,76.262
6/17/13 5:00,75.254
6/17/13 6:00,76.19
6/17/13 7:00,82.058
6/17/13 8:00,91.418
6/17/13 9:00,95.36
6/17/13 10:00,97.574
6/17/13 11:00,100.04
6/17/13 12:00,101.624
6/17/13 13:00,103.154
6/17/13 14:00,105.026
6/17/13 15:00,105.026
6/17/13 16:00,105.422
6/17/13 17:00,105.044
6/17/13 18:00,103.586
6/17/13 19:00,101.228
6/17/13 20:00,97.25
6/17/13 21:00,93.506
6/17/13 22:00,89.348
6/17/13 23:00,86.234
6/18/13 0:00,84.416
6/18/13 1:00,80.528
6/18/13 2:00,78.152
6/18/13 3:00,77.072
6/18/13 4:00,75.866
6/18/13 5:00,74.804
6/18/13 6:00,76.334
6/18/13 7:00,83.228
6/18/13 8:00,90.734
6/18/13 9:00,94.082
6/18/13 10:00,97.394
6/18/13 11:00,100.634
6/18/13 12:00,102.29
6/18/13 13:00,104.054
6/18/13 14:00,104.774
6/18/13 15:00,104
6/18/13 16:00,103.748
6/18/13 17:00,103.928
6/18/13 18:00,103.154
6/18/13 19:00,101.174
6/18/13 20:00,95.18
6/18/13 21:00,88.952
6/18/13 22:00,84.992
6/18/13 23:00,84.659
6/19/13 0:00,84.326
6/19/13 1:00,82.994
6/19/13 2:00,77.09
6/19/13 3:00,75.641
6/19/13 4:00,74.192
6/19/13 5:00,77.369
6/19/13 6:00,80.546
6/19/13 7:00,83.723
6/19/13 8:00,86.9
6/19/13 9:00,92.3
6/19/13 10:00,94.793
6/19/13 11:00,97.286
6/19/13 12:00,99.779
6/19/13 13:00,102.272
6/19/13 14:00,103.892
6/19/13 15:00,102.5132
6/19/13 16:00,101.1344
6/19/13 17:00,99.7556
6/19/13 18:00,98.3768
6/19/13 19:00,96.998
6/19/13 20:00,95
6/19/13 21:00,89.996
6/19/13 22:00,80.0015
6/19/13 23:00,79.57184
6/20/13 0:00,67.9832
6/20/13 1:00,65.9594
6/20/13 2:00,75.128
6/20/13 3:00,72.986
6/20/13 4:00,67.0397
6/20/13 5:00,76.739
6/20/13 6:00,70.7927
6/20/13 7:00,80.492
6/20/13 8:00,87.206
6/20/13 9:00,92.138
6/20/13 10:00,94.964
6/20/13 11:00,98.078
6/20/13 12:00,97.4954
6/20/13 13:00,99.08
6/20/13 14:00,102.0722
6/20/13 15:00,104.126
6/20/13 16:00,104.324
6/20/13 17:00,99.5837
6/20/13 18:00,95.7368
6/20/13 19:00,90.5498
6/20/13 20:00,94.22645
6/20/13 21:00,91.994
6/20/13 22:00,88.286
6/20/13 23:00,85.28
6/21/13 0:00,83.246
6/21/13 1:00,80.6
6/21/13 2:00,75.78365
6/21/13 3:00,64.3706
6/21/13 4:00,62.8526
6/21/13 5:00,73.5845
6/21/13 6:00,67.9832
6/21/13 7:00,74.6318
6/21/13 8:00,78.2006
6/21/13 9:00,85.8758
6/21/13 10:00,90.4712
6/21/13 11:00,92.0912
6/21/13 12:00,97.6784
6/21/13 13:00,100.2902
6/21/13 14:00,102.902
6/21/13 15:00,102.0896
6/21/13 16:00,101.2772
6/21/13 17:00,100.8392
6/21/13 18:00,99.9644
6/21/13 19:00,99.464
6/21/13 20:00,95.036
6/21/13 21:00,91.634
6/21/13 22:00,89.672
6/21/13 23:00,86.558
6/22/13 0:00,83.444
6/22/13 1:00,79.646
6/22/13 2:00,76.73
6/22/13 3:00,75.218
6/22/13 4:00,74.462
6/22/13 5:00,73.238
6/22/13 6:00,74.012
6/22/13 7:00,80.996
6/22/13 8:00,84.18785
6/22/13 9:00,83.3534
6/22/13 10:00,88.5584
6/22/13 11:00,88.7153
6/22/13 12:00,95.603
6/22/13 13:00,97.4426
6/22/13 14:00,99.49496
6/22/13 15:00,101.2991
6/22/13 16:00,103.316
6/22/13 17:00,103.514
6/22/13 18:00,94.9694
6/22/13 19:00,90.1202
6/22/13 20:00,92.50565
6/22/13 21:00,90.068
6/22/13 22:00,87.746
6/22/13 23:00,84.776
6/23/13 0:00,81.266
6/23/13 1:00,73.0859
6/23/13 2:00,77.198
6/23/13 3:00,75.164
6/23/13 4:00,73.202
6/23/13 5:00,71.564
6/23/13 6:00,74.408
6/23/13 7:00,78.926
6/23/13 8:00,84.524
6/23/13 9:00,90.122
6/23/13 10:00,93.524
6/23/13 11:00,94.9064
6/23/13 12:00,95.6084
6/23/13 13:00,97.331
6/23/13 14:00,102.2
6/23/13 15:00,102.56
6/23/13 16:00,100.7015
6/23/13 17:00,100.841
6/23/13 18:00,98.9825
6/23/13 19:00,99.122
6/23/13 20:00,93.416
6/23/13 21:00,87.962
6/23/13 22:00,84.596
6/23/13 23:00,83.507
6/24/13 0:00,82.418
6/24/13 1:00,77.126
6/24/13 2:00,75.794
6/24/13 3:00,74.786
6/24/13 4:00,76.262
6/24/13 5:00,73.85
6/24/13 6:00,74.606
6/24/13 7:00,81.932
6/24/13 8:00,87.35
6/24/13 9:00,88.844
6/24/13 10:00,93.29
6/24/13 11:00,96.098
6/24/13 12:00,99.338
6/24/13 13:00,99.752
6/24/13 14:00,101.498
6/24/13 15:00,102.92
6/24/13 16:00,103.568
6/24/13 17:00,103.352
6/24/13 18:00,101.966
6/24/13 19:00,96.962
6/24/13 20:00,93.398
6/24/13 21:00,89.816
6/24/13 22:00,85.244
6/24/13 23:00,84.776
6/25/13 0:00,82.472
6/25/13 1:00,79.592
6/25/13 2:00,78.17
6/25/13 3:00,76.172
6/25/13 4:00,74.714
6/25/13 5:00,73.688
6/25/13 6:00,74.318
6/25/13 7:00,80.744
6/25/13 8:00,86.54
6/25/13 9:00,90.356
6/25/13 10:00,92.93
6/25/13 11:00,94.532
6/25/13 12:00,97.016
6/25/13 13:00,98.924
6/25/13 14:00,99.446
6/25/13 15:00,100.562
6/25/13 16:00,100.328
6/25/13 17:00,99.338
6/25/13 18:00,97.484
6/25/13 19:00,95
6/25/13 20:00,92.426
6/25/13 21:00,89.438
6/25/13 22:00,87.044
6/25/13 23:00,83.642
6/26/13 0:00,81.446
6/26/13 1:00,81.914
6/26/13 2:00,80.276
6/26/13 3:00,78.44
6/26/13 4:00,75.812
6/26/13 5:00,73.346
6/26/13 6:00,74.498
6/26/13 7:00,81.554
6/26/13 8:00,86
6/26/13 9:00,89.744
6/26/13 10:00,92.426
6/26/13 11:00,94.748
6/26/13 12:00,97.79
6/26/13 13:00,99.392
6/26/13 14:00,100.148
6/26/13 15:00,101.552
6/26/13 16:00,102.02
6/26/13 17:00,101.534
6/26/13 18:00,101.948
6/26/13 19:00,99.878
6/26/13 20:00,92.786
6/26/13 21:00,87.188
6/26/13 22:00,84.884
6/26/13 23:00,84.308
6/27/13 0:00,82.436
6/27/13 1:00,82.67
6/27/13 2:00,78.8
6/27/13 3:00,76.28
6/27/13 4:00,74.426
6/27/13 5:00,75.92
6/27/13 6:00,75.956
6/27/13 7:00,82.094
6/27/13 8:00,87.998
6/27/13 9:00,92.606
6/27/13 10:00,94.973
6/27/13 11:00,97.34
6/27/13 12:00,99.788
6/27/13 13:00,101.66
6/27/13 14:00,101.93
6/27/13 15:00,102.956
6/27/13 16:00,103.676
6/27/13 17:00,103.172
6/27/13 18:00,103.172
6/27/13 19:00,101.714
6/27/13 20:00,95
6/27/13 21:00,89.078
6/27/13 22:00,85.802
6/27/13 23:00,84.002
6/28/13 0:00,83.3
6/28/13 1:00,80.708
6/28/13 2:00,79.61
6/28/13 3:00,77
6/28/13 4:00,76.226
6/28/13 5:00,74.822
6/28/13 6:00,75.866
6/28/13 7:00,86.648
6/28/13 8:00,90.374
6/28/13 9:00,94.1
6/28/13 10:00,96.692
6/28/13 11:00,99.284
6/28/13 12:00,101.624
6/28/13 13:00,103.586
6/28/13 14:00,105.962
6/28/13 15:00,107.15
6/28/13 16:00,107.996
6/28/13 17:00,107.834
6/28/13 18:00,107.06
6/28/13 19:00,105.35
6/28/13 20:00,101.138
6/28/13 21:00,96.098
6/28/13 22:00,92.048
6/28/13 23:00,89.6
6/29/13 0:00,87.638
6/29/13 1:00,85.874
6/29/13 2:00,84.398
6/29/13 3:00,82.274
6/29/13 4:00,80.366
6/29/13 5:00,78.296
6/29/13 6:00,78.908
6/29/13 7:00,83.174
6/29/13 8:00,89.42
6/29/13 9:00,94.712
6/29/13 10:00,100.634
6/29/13 11:00,103.748
6/29/13 12:00,108.5
6/29/13 13:00,109.67
6/29/13 14:00,111.83
6/29/13 15:00,113.342
6/29/13 16:00,113.288
6/29/13 17:00,112.73
6/29/13 18:00,109.634
6/29/13 19:00,103.7498
6/29/13 20:00,104.126
6/29/13 21:00,100.688
6/29/13 22:00,97.7
6/29/13 23:00,95.756
6/30/13 0:00,94.118
6/30/13 1:00,92.84
6/30/13 2:00,90.464
6/30/13 3:00,90.788
6/30/13 4:00,89.132
6/30/13 5:00,87.71
6/30/13 6:00,86.504
6/30/13 7:00,89.294
6/30/13 8:00,96.458
6/30/13 9:00,102.11
6/30/13 10:00,107.366
6/30/13 11:00,110.732
6/30/13 12:00,113.558
6/30/13 13:00,115.376
6/30/13 14:00,116.024
6/30/13 15:00,115.808
6/30/13 16:00,115.646
6/30/13 17:00,114.98
6/30/13 18:00,112.496
6/30/13 19:00,109.382
6/30/13 20:00,105.602
6/30/13 21:00,102.686
6/30/13 22:00,99.212
6/30/13 23:00,96.782
7/1/13 0:00,95.432
7/1/13 1:00,93.704
7/1/13 2:00,92.462
7/1/13 3:00,89.438
7/1/13 4:00,88.538
7/1/13 5:00,81.5639
7/1/13 6:00,74.5898
7/1/13 7:00,92.2532
7/1/13 8:00,92.2532
7/1/13 9:00,92.2532
7/1/13 10:00,106.3958
7/1/13 11:00,106.3958
7/1/13 12:00,106.3958
7/1/13 13:00,111.6176
7/1/13 14:00,111.6176
7/1/13 15:00,111.6176
7/1/13 16:00,113
7/1/13 17:00,112.2566
7/1/13 18:00,111.5132
7/1/13 19:00,103.9028
7/1/13 20:00,103.9028
7/1/13 21:00,103.9028
7/1/13 22:00,96.341
7/1/13 23:00,95.936
7/2/13 0:00,94.046
7/2/13 1:00,85.1468
7/2/13 2:00,76.2476
7/2/13 3:00,76.2476
7/2/13 4:00,71.8448
7/2/13 5:00,87.8
7/2/13 6:00,87.1844
7/2/13 7:00,86.5688
7/2/13 8:00,93.2
7/2/13 9:00,95.9837
7/2/13 10:00,98.7674
7/2/13 11:00,98.7674
7/2/13 12:00,98.7674
7/2/13 13:00,104.828
7/2/13 14:00,104.828
7/2/13 15:00,104.828
7/2/13 16:00,111.2
7/2/13 17:00,108.3407
7/2/13 18:00,105.4814
7/2/13 19:00,100.4
7/2/13 20:00,99.2885
7/2/13 21:00,98.177
7/2/13 22:00,86.1332
7/2/13 23:00,86.1332
7/3/13 0:00,86.1332
7/3/13 1:00,79.6712
7/3/13 2:00,79.6712
7/3/13 3:00,79.6712
7/3/13 4:00,89.6
7/3/13 5:00,87.638
7/3/13 6:00,86.8289
7/3/13 7:00,86.0198
7/3/13 8:00,86.0198
7/3/13 9:00,86.0198
7/3/13 10:00,99.68
7/3/13 11:00,99.68
7/3/13 12:00,99.68
7/3/13 13:00,107.6792
7/3/13 14:00,107.6792
7/3/13 15:00,107.6792
7/3/13 16:00,108.6134
7/3/13 17:00,108.6134
7/3/13 18:00,108.6134
7/3/13 19:00,101.6978
7/3/13 20:00,101.6978
7/3/13 21:00,101.6978
7/3/13 22:00,95.5148
7/3/13 23:00,98.6
7/4/13 0:00,92.408
7/4/13 1:00,86.216
7/4/13 2:00,86.216
7/4/13 3:00,86.216
7/4/13 4:00,78.7172
7/4/13 5:00,78.7172
7/4/13 6:00,78.7172
7/4/13 7:00,91.7708
7/4/13 8:00,91.7708
7/4/13 9:00,91.7708
7/4/13 10:00,102.9344
7/4/13 11:00,102.9344
7/4/13 12:00,102.9344
7/4/13 13:00,108.6836
7/4/13 14:00,108.6836
7/4/13 15:00,107.6
7/4/13 16:00,108.5081
7/4/13 17:00,109.4162
7/4/13 18:00,109.4162
7/4/13 19:00,102.7076
7/4/13 20:00,102.7076
7/4/13 21:00,102.7076
7/4/13 22:00,95.504
7/4/13 23:00,93.866
7/5/13 0:00,91.526
7/5/13 1:00,89.42
7/5/13 2:00,87.548
7/5/13 3:00,86.918
7/5/13 4:00,88.304
7/5/13 5:00,87.494
7/5/13 6:00,88.052
7/5/13 7:00,90.23
7/5/13 8:00,92.948
7/5/13 9:00,95.972
7/5/13 10:00,97.502
7/5/13 11:00,100.166
7/5/13 12:00,101.786
7/5/13 13:00,103.622
7/5/13 14:00,104.414
7/5/13 15:00,105.458
7/5/13 16:00,105.602
7/5/13 17:00,105.998
7/5/13 18:00,104.576
7/5/13 19:00,102.776
7/5/13 20:00,100.598
7/5/13 21:00,98.006
7/5/13 22:00,96.404
7/5/13 23:00,93.992
7/6/13 0:00,92.966
7/6/13 1:00,90.968
7/6/13 2:00,89.564
7/6/13 3:00,88.358
7/6/13 4:00,86.54
7/6/13 5:00,85.964
7/6/13 6:00,86.234
7/6/13 7:00,86.54
7/6/13 8:00,90.986
7/6/13 9:00,94.568
7/6/13 10:00,91.706
7/6/13 11:00,94.622
7/6/13 12:00,97.214
7/6/13 13:00,99.509
7/6/13 14:00,101.804
7/6/13 15:00,103.46
7/6/13 16:00,103.964
7/6/13 17:00,103.586
7/6/13 18:00,101.246
7/6/13 19:00,99.14
7/6/13 20:00,97.358
7/6/13 21:00,95.18
7/6/13 22:00,92.912
7/6/13 23:00,91.904
7/7/13 0:00,90.464
7/7/13 1:00,88.646
7/7/13 2:00,87.224
7/7/13 3:00,85.82
7/7/13 4:00,84.398
7/7/13 5:00,83.21
7/7/13 6:00,83.822
7/7/13 7:00,87.782
7/7/13 8:00,93.344
7/7/13 9:00,97.016
7/7/13 10:00,100.094
7/7/13 11:00,102.254
7/7/13 12:00,104.45
7/7/13 13:00,105.476
7/7/13 14:00,106.142
7/7/13 15:00,107.438
7/7/13 16:00,107.384
7/7/13 17:00,106.826
7/7/13 18:00,106.43
7/7/13 19:00,104.216
7/7/13 20:00,99.68
7/7/13 21:00,96.512
7/7/13 22:00,95.126
7/7/13 23:00,92.642
7/8/13 0:00,92.786
7/8/13 1:00,90.212
7/8/13 2:00,87.584
7/8/13 3:00,86.432
7/8/13 4:00,85.01
7/8/13 5:00,84.398
7/8/13 6:00,84.596
7/8/13 7:00,88.61
7/8/13 8:00,93.272
7/8/13 9:00,97.556
7/8/13 10:00,99.986
7/8/13 11:00,102.938
7/8/13 12:00,105.818
7/8/13 13:00,105.944
7/8/13 14:00,108.608
7/8/13 15:00,110.102
7/8/13 16:00,111.056
7/8/13 17:00,109.58
7/8/13 18:00,107.798
7/8/13 19:00,106.826
7/8/13 20:00,103.496
7/8/13 21:00,101.066
7/8/13 22:00,99.284
7/8/13 23:00,96.386
7/9/13 0:00,95.972
7/9/13 1:00,94.784
7/9/13 2:00,92.768
7/9/13 3:00,89.15
7/9/13 4:00,86.918
7/9/13 5:00,85.676
7/9/13 6:00,87.026
7/9/13 7:00,92.12
7/9/13 8:00,97.358
7/9/13 9:00,100.4
7/9/13 10:00,102.956
7/9/13 11:00,105.764
7/9/13 12:00,108.446
7/9/13 13:00,109.238
7/9/13 14:00,111.2
7/9/13 15:00,111.866
7/9/13 16:00,111.83
7/9/13 17:00,111.596
7/9/13 18:00,110.84
7/9/13 19:00,108.05
7/9/13 20:00,103.73
7/9/13 21:00,101.732
7/9/13 22:00,99.158
7/9/13 23:00,95.99
7/10/13 0:00,92.57
7/10/13 1:00,91.562
7/10/13 2:00,90.68
7/10/13 3:00,90.14
7/10/13 4:00,89.618
7/10/13 5:00,89.168
7/10/13 6:00,88.448
7/10/13 7:00,88.286
7/10/13 8:00,91.454
7/10/13 9:00,92.894
7/10/13 10:00,95.504
7/10/13 11:00,96.224
7/10/13 12:00,97.988
7/10/13 13:00,98.726
7/10/13 14:00,101.336
7/10/13 15:00,102.11
7/10/13 16:00,103.334
7/10/13 17:00,103.118
7/10/13 18:00,102.326
7/10/13 19:00,101.498
7/10/13 20:00,96.134
7/10/13 21:00,94.118
7/10/13 22:00,92.516
7/10/13 23:00,91.292
7/11/13 0:00,90.518
7/11/13 1:00,89.546
7/11/13 2:00,88.088
7/11/13 3:00,85.784
7/11/13 4:00,83.966
7/11/13 5:00,83.426
7/11/13 6:00,83.525
7/11/13 7:00,83.624
7/11/13 8:00,86.72
7/11/13 9:00,90.122
7/11/13 10:00,93.884
7/11/13 11:00,95.216
7/11/13 12:00,97.376
7/11/13 13:00,99.842
7/11/13 14:00,100.4
7/11/13 15:00,101.246
7/11/13 16:00,101.876
7/11/13 17:00,101.39
7/11/13 18:00,100.436
7/11/13 19:00,98.186
7/11/13 20:00,95.972
7/11/13 21:00,95.144
7/11/13 22:00,94.388
7/11/13 23:00,92.678
7/12/13 0:00,91.292
7/12/13 1:00,87.998
7/12/13 2:00,86.954
7/12/13 3:00,85.604
7/12/13 4:00,84.038
7/12/13 5:00,82.202
7/12/13 6:00,80.888
7/12/13 7:00,81.8366
7/12/13 8:00,81.23
7/12/13 9:00,83.3
7/12/13 10:00,88.016
7/12/13 11:00,90.752
7/12/13 12:00,94.19
7/12/13 13:00,95.054
7/12/13 14:00,95.072
7/12/13 15:00,95.468
7/12/13 16:00,96.116
7/12/13 17:00,93.992
7/12/13 18:00,93.38
7/12/13 19:00,92.426
7/12/13 20:00,91.202
7/12/13 21:00,90.428
7/12/13 22:00,89.204
7/12/13 23:00,87.674
7/13/13 0:00,85.262
7/13/13 1:00,84.974
7/13/13 2:00,84.992
7/13/13 3:00,83.552
7/13/13 4:00,83.066
7/13/13 5:00,82.4
7/13/13 6:00,81.824
7/13/13 7:00,84.596
7/13/13 8:00,89.726
7/13/13 9:00,91.436
7/13/13 10:00,94.172
7/13/13 11:00,98.096
7/13/13 12:00,98.42
7/13/13 13:00,98.114
7/13/13 14:00,90.626
7/13/13 15:00,87.26
7/13/13 16:00,88.574
7/13/13 17:00,89.096
7/13/13 18:00,91.112
7/13/13 19:00,90.392
7/13/13 20:00,87.656
7/13/13 21:00,87.134
7/13/13 22:00,86.738
7/13/13 23:00,84.416
7/14/13 0:00,84.326
7/14/13 1:00,83.012
7/14/13 2:00,82.166
7/14/13 3:00,81.5
7/14/13 4:00,80.834
7/14/13 5:00,79.772
7/14/13 6:00,80.348
7/14/13 7:00,85.64
7/14/13 8:00,90.482
7/14/13 9:00,93.47
7/14/13 10:00,95.738
7/14/13 11:00,96.818
7/14/13 12:00,99.248
7/14/13 13:00,101.12
7/14/13 14:00,102.47
7/14/13 15:00,104.504
7/14/13 16:00,103.568
7/14/13 17:00,103.136
7/14/13 18:00,102.812
7/14/13 19:00,100.976
7/14/13 20:00,98.6
7/14/13 21:00,96.242
7/14/13 22:00,94.838
7/14/13 23:00,92.876
7/15/13 0:00,91.562
7/15/13 1:00,89.978
7/15/13 2:00,88.142
7/15/13 3:00,88.34
7/15/13 4:00,87.35
7/15/13 5:00,86.576
7/15/13 6:00,84.7352
7/15/13 7:00,82.8944
7/15/13 8:00,89.4218
7/15/13 9:00,84.7916
7/15/13 10:00,88.5296
7/15/13 11:00,89.96
7/15/13 12:00,94.4672
7/15/13 13:00,96.6668
7/15/13 14:00,106.052
7/15/13 15:00,107.438
7/15/13 16:00,108.266
7/15/13 17:00,107.834
7/15/13 18:00,106.628
7/15/13 19:00,102.128
7/15/13 20:00,99.545
7/15/13 21:00,96.962
7/15/13 22:00,94.388
7/15/13 23:00,92.552
7/16/13 0:00,91.58
7/16/13 1:00,91.4
7/16/13 2:00,90.158
7/16/13 3:00,88.196
7/16/13 4:00,86.792
7/16/13 5:00,85.982
7/16/13 6:00,85.982
7/16/13 7:00,89.582
7/16/13 8:00,95.9
7/16/13 9:00,96.818
7/16/13 10:00,101.57
7/16/13 11:00,100.004
7/16/13 12:00,103.271
7/16/13 13:00,106.538
7/16/13 14:00,107.456
7/16/13 15:00,107.834
7/16/13 16:00,105.728
7/16/13 17:00,102.794
7/16/13 18:00,96.89
7/16/13 19:00,97.664
7/16/13 20:00,95.702
7/16/13 21:00,94.37
7/16/13 22:00,93.11
7/16/13 23:00,92.336
7/17/13 0:00,91.76
7/17/13 1:00,89.924
7/17/13 2:00,85.892
7/17/13 3:00,84.128
7/17/13 4:00,82.652
7/17/13 5:00,82.58
7/17/13 6:00,82.994
7/17/13 7:00,84.308
7/17/13 8:00,87.638
7/17/13 9:00,89.312
7/17/13 10:00,94.01
7/17/13 11:00,95.027
7/17/13 12:00,96.044
7/17/13 13:00,96.08
7/17/13 14:00,98.564
7/17/13 15:00,98.69
7/17/13 16:00,99.752
7/17/13 17:00,95.792
7/17/13 18:00,91.832
7/17/13 19:00,87.206
7/17/13 20:00,83.57
7/17/13 21:00,83.696
7/17/13 22:00,83.156
7/17/13 23:00,82.256
7/18/13 0:00,82.904
7/18/13 1:00,82.256
7/18/13 2:00,82.112
7/18/13 3:00,81.32
7/18/13 4:00,80.942
7/18/13 5:00,80.654
7/18/13 6:00,81.68
7/18/13 7:00,83.768
7/18/13 8:00,88.232
7/18/13 9:00,91.724
7/18/13 10:00,94.622
7/18/13 11:00,97.124
7/18/13 12:00,99.626
7/18/13 13:00,101.084
7/18/13 14:00,102.164
7/18/13 15:00,102.992
7/18/13 16:00,102.416
7/18/13 17:00,95.288
7/18/13 18:00,94.424
7/18/13 19:00,92.948
7/18/13 20:00,91.85
7/18/13 21:00,90.284
7/18/13 22:00,89.294
7/18/13 23:00,88.772
7/19/13 0:00,87.998
7/19/13 1:00,86.09
7/19/13 2:00,84.218
7/19/13 3:00,84.2
7/19/13 4:00,84.182
7/19/13 5:00,83.966
7/19/13 6:00,85.028
7/19/13 7:00,86.324
7/19/13 8:00,90.554
7/19/13 9:00,93.578
7/19/13 10:00,95.936
7/19/13 11:00,98.024
7/19/13 12:00,99.554
7/19/13 13:00,101.228
7/19/13 14:00,103.514
7/19/13 15:00,103.712
7/19/13 16:00,103.766
7/19/13 17:00,102.29
7/19/13 18:00,100.076
7/19/13 19:00,98.15
7/19/13 20:00,95.9
7/19/13 21:00,93.758
7/19/13 22:00,94.928
7/19/13 23:00,93.128
7/20/13 0:00,91.166
7/20/13 1:00,84.524
7/20/13 2:00,81.086
7/20/13 3:00,79.052
7/20/13 4:00,79.484
7/20/13 5:00,79.124
7/20/13 6:00,80.348
7/20/13 7:00,83.138
7/20/13 8:00,85.91
7/20/13 9:00,89.672
7/20/13 10:00,93.29
7/20/13 11:00,95.594
7/20/13 12:00,98.708
7/20/13 13:00,100.436
7/20/13 14:00,100.94
7/20/13 15:00,102.398
7/20/13 16:00,101.912
7/20/13 17:00,102.11
7/20/13 18:00,99.968
7/20/13 19:00,95.7983
7/20/13 20:00,96.116
7/20/13 21:00,93.164
7/20/13 22:00,87.296
7/20/13 23:00,75.254
7/21/13 0:00,75.56
7/21/13 1:00,76.478
7/21/13 2:00,77.468
7/21/13 3:00,77.414
7/21/13 4:00,77.702
7/21/13 5:00,77.216
7/21/13 6:00,77.432
7/21/13 7:00,80.402
7/21/13 8:00,83.498
7/21/13 9:00,86.144
7/21/13 10:00,89.384
7/21/13 11:00,92.282
7/21/13 12:00,94.568
7/21/13 13:00,96.854
7/21/13 14:00,98.456
7/21/13 15:00,99.122
7/21/13 16:00,99.644
7/21/13 17:00,99.842
7/21/13 18:00,97.826
7/21/13 19:00,94.136
7/21/13 20:00,87.098
7/21/13 21:00,81.806
7/21/13 22:00,79.088
7/21/13 23:00,78.458
7/22/13 0:00,77.072
7/22/13 1:00,77.306
7/22/13 2:00,77.288
7/22/13 3:00,77.054
7/22/13 4:00,77.252
7/22/13 5:00,77.576
7/22/13 6:00,77.234
7/22/13 7:00,79.43
7/22/13 8:00,80.996
7/22/13 9:00,83.714
7/22/13 10:00,83.3
7/22/13 11:00,79.142
7/22/13 12:00,75.398
7/22/13 13:00,78.908
7/22/13 14:00,79.304
7/22/13 15:00,79.232
7/22/13 16:00,80.114
7/22/13 17:00,81.59
7/22/13 18:00,82.094
7/22/13 19:00,81.338
7/22/13 20:00,80.378
7/22/13 21:00,82.3928
7/22/13 22:00,78.458
7/22/13 23:00,77.864
7/23/13 0:00,77.252
7/23/13 1:00,76.568
7/23/13 2:00,75.956
7/23/13 3:00,75.614
7/23/13 4:00,75.614
7/23/13 5:00,75.146
7/23/13 6:00,75.704
7/23/13 7:00,79.502
7/23/13 8:00,83.75
7/23/13 9:00,86.666
7/23/13 10:00,89.204
7/23/13 11:00,91.346
7/23/13 12:00,94.1
7/23/13 13:00,95.216
7/23/13 14:00,92.957
7/23/13 15:00,90.698
7/23/13 16:00,92.714
7/23/13 17:00,92.3
7/23/13 18:00,91.508
7/23/13 19:00,90.392
7/23/13 20:00,88.79
7/23/13 21:00,86.45
7/23/13 22:00,84.902
7/23/13 23:00,83.858
7/24/13 0:00,82.8626
7/24/13 1:00,81.68
7/24/13 2:00,80.114
7/24/13 3:00,78.548
7/24/13 4:00,78.188
7/24/13 5:00,77.828
7/24/13 6:00,78.566
7/24/13 7:00,80.636
7/24/13 8:00,84.524
7/24/13 9:00,92.138
7/24/13 10:00,93.983
7/24/13 11:00,95.828
7/24/13 12:00,97.214
7/24/13 13:00,97.97
7/24/13 14:00,99.5
7/24/13 15:00,100.346
7/24/13 16:00,100.328
7/24/13 17:00,100.562
7/24/13 18:00,99.122
7/24/13 19:00,96.566
7/24/13 20:00,94.298
7/24/13 21:00,92.588
7/24/13 22:00,91.22
7/24/13 23:00,89.06
7/25/13 0:00,86.954
7/25/13 1:00,85.388
7/25/13 2:00,85.604
7/25/13 3:00,84.164
7/25/13 4:00,82.94
7/25/13 5:00,81.95
7/25/13 6:00,82.184
7/25/13 7:00,85.172
7/25/13 8:00,88.916
7/25/13 9:00,94.172
7/25/13 10:00,96.53
7/25/13 11:00,98.942
7/25/13 12:00,100.058
7/25/13 13:00,102.308
7/25/13 14:00,103.424
7/25/13 15:00,104.126
7/25/13 16:00,104.666
7/25/13 17:00,104.522
7/25/13 18:00,102.56
7/25/13 19:00,96.53
7/25/13 20:00,91.562
7/25/13 21:00,91.598
7/25/13 22:00,90.662
7/25/13 23:00,89.96
7/26/13 0:00,89.024
7/26/13 1:00,87.404
7/26/13 2:00,85.946
7/26/13 3:00,85.442
7/26/13 4:00,86.126
7/26/13 5:00,85.892
7/26/13 6:00,85.442
7/26/13 7:00,82.292
7/26/13 8:00,81.824
7/26/13 9:00,85.022
7/26/13 10:00,88.22
7/26/13 11:00,91.418
7/26/13 12:00,95.99
7/26/13 13:00,98.078
7/26/13 14:00,99.968
7/26/13 15:00,100.184
7/26/13 16:00,100.832
7/26/13 17:00,99.104
7/26/13 18:00,95.576
7/26/13 19:00,92.876
7/26/13 20:00,89.924
7/26/13 21:00,88.934
7/26/13 22:00,88.718
7/26/13 23:00,88.286
7/27/13 0:00,87.386
7/27/13 1:00,86.27
7/27/13 2:00,86.09
7/27/13 3:00,85.604
7/27/13 4:00,85.19
7/27/13 5:00,84.938
7/27/13 6:00,83.552
7/27/13 7:00,82.472
7/27/13 8:00,83.966
7/27/13 9:00,87.386
7/27/13 10:00,87.746
7/27/13 11:00,93.416
7/27/13 12:00,97.142
7/27/13 13:00,98.996
7/27/13 14:00,101.336
7/27/13 15:00,100.364
7/27/13 16:00,100.688
7/27/13 17:00,101.282
7/27/13 18:00,99.914
7/27/13 19:00,97.862
7/27/13 20:00,95.63
7/27/13 21:00,93.686
7/27/13 22:00,92.318
7/27/13 23:00,89.834
7/28/13 0:00,83.642
7/28/13 1:00,84.164
7/28/13 2:00,82.526
7/28/13 3:00,81.986
7/28/13 4:00,81.068
7/28/13 5:00,79.826
7/28/13 6:00,80.024
7/28/13 7:00,83.678
7/28/13 8:00,89.132
7/28/13 9:00,92.174
7/28/13 10:00,93.668
7/28/13 11:00,96.314
7/28/13 12:00,99.23
7/28/13 13:00,100.382
7/28/13 14:00,100.292
7/28/13 15:00,101.858
7/28/13 16:00,99.95
7/28/13 17:00,102.2
7/28/13 18:00,101.426
7/28/13 19:00,99.23
7/28/13 20:00,96.746
7/28/13 21:00,94.586
7/28/13 22:00,93.362
7/28/13 23:00,91.292
7/29/13 0:00,88.646
7/29/13 1:00,87.35
7/29/13 2:00,86.144
7/29/13 3:00,85.838
7/29/13 4:00,84.614
7/29/13 5:00,83.93
7/29/13 6:00,83.246
7/29/13 7:00,85.82
7/29/13 8:00,92.858
7/29/13 9:00,89.9168
7/29/13 10:00,96.512
7/29/13 11:00,99.014
7/29/13 12:00,100.472
7/29/13 13:00,101.966
7/29/13 14:00,103.406
7/29/13 15:00,104.504
7/29/13 16:00,104.828
7/29/13 17:00,104.54
7/29/13 18:00,103.784
7/29/13 19:00,101.102
7/29/13 20:00,98.006
7/29/13 21:00,95.702
7/29/13 22:00,95
7/29/13 23:00,91.904
7/30/13 0:00,89.438
7/30/13 1:00,87.602
7/30/13 2:00,86.864
7/30/13 3:00,84.128
7/30/13 4:00,83.192
7/30/13 5:00,81.734
7/30/13 6:00,81.32
7/30/13 7:00,85.982
7/30/13 8:00,89.96
7/30/13 9:00,93.056
7/30/13 10:00,95.63
7/30/13 11:00,98.204
7/30/13 12:00,99.941
7/30/13 13:00,101.678
7/30/13 14:00,103.046
7/30/13 15:00,103.946
7/30/13 16:00,103.712
7/30/13 17:00,103.478
7/30/13 18:00,103.19
7/30/13 19:00,99.716
7/30/13 20:00,95.936
7/30/13 21:00,93.92
7/30/13 22:00,91.958
7/30/13 23:00,90.824
7/31/13 0:00,88.304
7/31/13 1:00,82.7798
7/31/13 2:00,84.038
7/31/13 3:00,82.508
7/31/13 4:00,80.78
7/31/13 5:00,79.34
7/31/13 6:00,78.116
7/31/13 7:00,83.03
7/31/13 8:00,90.968
7/31/13 9:00,96.458
7/31/13 10:00,98.78
7/31/13 11:00,101.264
7/31/13 12:00,102.542
7/31/13 13:00,103.154
7/31/13 14:00,104.828
7/31/13 15:00,105.728
7/31/13 16:00,105.764
7/31/13 17:00,104.99
7/31/13 18:00,104.234
7/31/13 19:00,100.958
7/31/13 20:00,98.312
7/31/13 21:00,95.81
7/31/13 22:00,92.93
7/31/13 23:00,90.248
8/1/13 0:00,87.782
8/1/13 1:00,86.216
8/1/13 2:00,85.586
8/1/13 3:00,83.768
8/1/13 4:00,83.138
8/1/13 5:00,82.67
8/1/13 6:00,82.256
8/1/13 7:00,85.082
8/1/13 8:00,90.896
8/1/13 9:00,95.756
8/1/13 10:00,99.032
8/1/13 11:00,102.164
8/1/13 12:00,104.396
8/1/13 13:00,105.35
8/1/13 14:00,104.936
8/1/13 15:00,104.936
8/1/13 16:00,106.736
8/1/13 17:00,107.06
8/1/13 18:00,106.16
8/1/13 19:00,102.866
8/1/13 20:00,101.498
8/1/13 21:00,97.052
8/1/13 22:00,95.378
8/1/13 23:00,93.83
8/2/13 0:00,92.066
8/2/13 1:00,90.626
8/2/13 2:00,90.554
8/2/13 3:00,89.816
8/2/13 4:00,89.132
8/2/13 5:00,88.484
8/2/13 6:00,87.278
8/2/13 7:00,88.052
8/2/13 8:00,92.39
8/2/13 9:00,95.522
8/2/13 10:00,97.844
8/2/13 11:00,99.302
8/2/13 12:00,100.544
8/2/13 13:00,102.344
8/2/13 14:00,102.038
8/2/13 15:00,102.362
8/2/13 16:00,102.182
8/2/13 17:00,100.958
8/2/13 18:00,99.356
8/2/13 19:00,96.206
8/2/13 20:00,93.02
8/2/13 21:00,91.778
8/2/13 22:00,90.77
8/2/13 23:00,89.708
8/3/13 0:00,88.52
8/3/13 1:00,87.548
8/3/13 2:00,86.558
8/3/13 3:00,85.406
8/3/13 4:00,84.713
8/3/13 5:00,84.02
8/3/13 6:00,84.56
8/3/13 7:00,87.755
8/3/13 8:00,90.95
8/3/13 9:00,94.982
8/3/13 10:00,97.808
8/3/13 11:00,100.454
8/3/13 12:00,101.336
8/3/13 13:00,102.164
8/3/13 14:00,103.064
8/3/13 15:00,103.712
8/3/13 16:00,101.93
8/3/13 17:00,101.606
8/3/13 18:00,100.22
8/3/13 19:00,98.348
8/3/13 20:00,94.532
8/3/13 21:00,92.768
8/3/13 22:00,91.13
8/3/13 23:00,89.618
8/4/13 0:00,88.718
8/4/13 1:00,87.044
8/4/13 2:00,85.928
8/4/13 3:00,84.632
8/4/13 4:00,83.876
8/4/13 5:00,83.084
8/4/13 6:00,82.562
8/4/13 7:00,84.776
8/4/13 8:00,87.836
8/4/13 9:00,92.066
8/4/13 10:00,96.386
8/4/13 11:00,100.184
8/4/13 12:00,102.326
8/4/13 13:00,103.172
8/4/13 14:00,103.262
8/4/13 15:00,105.296
8/4/13 16:00,104.45
8/4/13 17:00,104.72
8/4/13 18:00,103.244
8/4/13 19:00,101.426
8/4/13 20:00,97.646
8/4/13 21:00,94.028
8/4/13 22:00,92.804
8/4/13 23:00,91.58
8/5/13 0:00,89.654
8/5/13 1:00,90.806
8/5/13 2:00,88.826
8/5/13 3:00,86.432
8/5/13 4:00,84.092
8/5/13 5:00,83.534
8/5/13 6:00,82.022
8/5/13 7:00,84.29
8/5/13 8:00,90.644
8/5/13 9:00,94.64
8/5/13 10:00,97.358
8/5/13 11:00,98.456
8/5/13 12:00,97.934
8/5/13 13:00,98.672
8/5/13 14:00,99.806
8/5/13 15:00,100.688
8/5/13 16:00,103.442
8/5/13 17:00,103.37
8/5/13 18:00,102.956
8/5/13 19:00,100.202
8/5/13 20:00,95
8/5/13 21:00,91.67
8/5/13 22:00,88.826
8/5/13 23:00,86.108
8/6/13 0:00,84.632
8/6/13 1:00,83.048
8/6/13 2:00,82.526
8/6/13 3:00,81.644
8/6/13 4:00,79.916
8/6/13 5:00,79.25
8/6/13 6:00,79.016
8/6/13 7:00,80.906
8/6/13 8:00,84.164
8/6/13 9:00,87.71
8/6/13 10:00,89.366
8/6/13 11:00,89.6
8/6/13 12:00,91.868
8/6/13 13:00,94.82
8/6/13 14:00,97.178
8/6/13 15:00,97.142
8/6/13 16:00,98.816
8/6/13 17:00,99.194
8/6/13 18:00,96.8
8/6/13 19:00,94.442
8/6/13 20:00,91.742
8/6/13 21:00,91.004
8/6/13 22:00,89.636
8/6/13 23:00,88.7
8/7/13 0:00,87.26
8/7/13 1:00,86.252
8/7/13 2:00,84.2
8/7/13 3:00,83.21
8/7/13 4:00,81.329
8/7/13 5:00,79.448
8/7/13 6:00,77.288
8/7/13 7:00,76.82
8/7/13 8:00,75.218
8/7/13 9:00,79.3832
8/7/13 10:00,83.5484
8/7/13 11:00,74.7995
8/7/13 12:00,74.66
8/7/13 13:00,77.468
8/7/13 14:00,79.79
8/7/13 15:00,81.032
8/7/13 16:00,82.274
8/7/13 17:00,83.516
8/7/13 18:00,82.976
8/7/13 19:00,82.238
8/7/13 20:00,81.131
8/7/13 21:00,83.9996
8/7/13 22:00,80.9048
8/7/13 23:00,77.81
8/8/13 0:00,77.558
8/8/13 1:00,77.684
8/8/13 2:00,76.73
8/8/13 3:00,76.298
8/8/13 4:00,75.812
8/8/13 5:00,74.75
8/8/13 6:00,73.58
8/8/13 7:00,76.82
8/8/13 8:00,81.644
8/8/13 9:00,85.91
8/8/13 10:00,89.402
8/8/13 11:00,91.922
8/8/13 12:00,94.118
8/8/13 13:00,95.972
8/8/13 14:00,97.916
8/8/13 15:00,98.924
8/8/13 16:00,99.5
8/8/13 17:00,99.734
8/8/13 18:00,98.618
8/8/13 19:00,95.648
8/8/13 20:00,92.354
8/8/13 21:00,85.3346
8/8/13 22:00,78.3152
8/8/13 23:00,85.442
8/9/13 0:00,81.248
8/9/13 1:00,78.548
8/9/13 2:00,77.522
8/9/13 3:00,77.054
8/9/13 4:00,73.04
8/9/13 5:00,70.88
8/9/13 6:00,69.26
8/9/13 7:00,75.317
8/9/13 8:00,85.1
8/9/13 9:00,89.78
8/9/13 10:00,92.66
8/9/13 11:00,95.9
8/9/13 12:00,98.42
8/9/13 13:00,100.22
8/9/13 14:00,102.38
8/9/13 15:00,103.28
8/9/13 16:00,103.1
8/9/13 17:00,103.82
8/9/13 18:00,102.38
8/9/13 19:00,96.62
8/9/13 20:00,91.04
8/9/13 21:00,86.36
8/9/13 22:00,82.4
8/9/13 23:00,80.24
8/10/13 0:00,78.26
8/10/13 1:00,77.18
8/10/13 2:00,75.29
8/10/13 3:00,74.66
8/10/13 4:00,69.9413
8/10/13 5:00,71.69
8/10/13 6:00,70.52
8/10/13 7:00,77.108
8/10/13 8:00,85.604
8/10/13 9:00,91.958
8/10/13 10:00,95.234
8/10/13 11:00,98.168
8/10/13 12:00,101.246
8/10/13 13:00,102.614
8/10/13 14:00,104.072
8/10/13 15:00,104.612
8/10/13 16:00,104.396
8/10/13 17:00,103.766
8/10/13 18:00,103.172
8/10/13 19:00,100.166
8/10/13 20:00,97.142
8/10/13 21:00,95.09
8/10/13 22:00,91.922
8/10/13 23:00,86.972
8/11/13 0:00,84.992
8/11/13 1:00,84.83
8/11/13 2:00,83.984
8/11/13 3:00,81.734
8/11/13 4:00,78.962
8/11/13 5:00,77.873
8/11/13 6:00,76.784
8/11/13 7:00,79.592
8/11/13 8:00,87.458
8/11/13 9:00,91.292
8/11/13 10:00,94.946
8/11/13 11:00,97.934
8/11/13 12:00,100.418
8/11/13 13:00,101.75
8/11/13 14:00,101.21
8/11/13 15:00,101.156
8/11/13 16:00,101.588
8/11/13 17:00,100.994
8/11/13 18:00,101.336
8/11/13 19:00,97.934
8/11/13 20:00,92.084
8/11/13 21:00,89.366
8/11/13 22:00,86.972
8/11/13 23:00,84.596
8/12/13 0:00,81.734
8/12/13 1:00,79.628
8/12/13 2:00,76.748
8/12/13 3:00,75.128
8/12/13 4:00,73.274
8/12/13 5:00,72.68
8/12/13 6:00,73.13
8/12/13 7:00,76.388
8/12/13 8:00,85.334
8/12/13 9:00,91.67
8/12/13 10:00,95.18
8/12/13 11:00,97.214
8/12/13 12:00,100.346
8/12/13 13:00,101.588
8/12/13 14:00,103.748
8/12/13 15:00,103.946
8/12/13 16:00,103.928
8/12/13 17:00,103.388
8/12/13 18:00,102.74
8/12/13 19:00,98.744
8/12/13 20:00,95.036
8/12/13 21:00,90.626
8/12/13 22:00,89.42
8/12/13 23:00,86.198
8/13/13 0:00,82.562
8/13/13 1:00,83.57
8/13/13 2:00,82.13
8/13/13 3:00,81.536
8/13/13 4:00,79.412
8/13/13 5:00,78.278
8/13/13 6:00,77.792
8/13/13 7:00,81.896
8/13/13 8:00,89.51
8/13/13 9:00,94.892
8/13/13 10:00,96.728
8/13/13 11:00,100.112
8/13/13 12:00,102.164
8/13/13 13:00,104.63
8/13/13 14:00,106.178
8/13/13 15:00,106.934
8/13/13 16:00,106.862
8/13/13 17:00,105.566
8/13/13 18:00,104.594
8/13/13 19:00,100.454
8/13/13 20:00,97.376
8/13/13 21:00,93.578
8/13/13 22:00,90.374
8/13/13 23:00,85.154
8/14/13 0:00,82.328
8/14/13 1:00,78.548
8/14/13 2:00,77.918
8/14/13 3:00,77.288
8/14/13 4:00,75.344
8/14/13 5:00,74.714
8/14/13 6:00,73.292
8/14/13 7:00,77.702
8/14/13 8:00,82.07375
8/14/13 9:00,87.0998
8/14/13 10:00,91.1444
8/14/13 11:00,91.4549
8/14/13 12:00,94.2548
8/14/13 13:00,103.856
8/14/13 14:00,105.62
8/14/13 15:00,105.26
8/14/13 16:00,104.666
8/14/13 17:00,104.126
8/14/13 18:00,103.388
8/14/13 19:00,99.986
8/14/13 20:00,96.44
8/14/13 21:00,91.58
8/14/13 22:00,89.6
8/14/13 23:00,87.386
8/15/13 0:00,83.804
8/15/13 1:00,82.274
8/15/13 2:00,80.564
8/15/13 3:00,78.62
8/15/13 4:00,78.044
8/15/13 5:00,80.672
8/15/13 6:00,80.3984
8/15/13 7:00,85.928
8/15/13 8:00,87.062
8/15/13 9:00,88.196
8/15/13 10:00,95.9
8/15/13 11:00,98.78
8/15/13 12:00,102.02
8/15/13 13:00,102.0137
8/15/13 14:00,105.26
8/15/13 15:00,105.2537
8/15/13 16:00,108.5
8/15/13 17:00,108.5
8/15/13 18:00,104.18
8/15/13 19:00,101.9
8/15/13 20:00,99.62
8/15/13 21:00,97.34
8/15/13 22:00,95.36
8/15/13 23:00,93.38
8/16/13 0:00,91.4
8/16/13 1:00,93.668
8/16/13 2:00,92.12
8/16/13 3:00,89.735
8/16/13 4:00,87.35
8/16/13 5:00,84.965
8/16/13 6:00,82.58
8/16/13 7:00,82.94
8/16/13 8:00,92.66
8/16/13 9:00,97.34
8/16/13 10:00,98.06
8/16/13 11:00,100.94
8/16/13 12:00,102.74
8/16/13 13:00,106.88
8/16/13 14:00,107.42
8/16/13 15:00,108.14
8/16/13 16:00,109.22
8/16/13 17:00,109.04
8/16/13 18:00,106.88
8/16/13 19:00,102.56
8/16/13 20:00,98.24
8/16/13 21:00,96.8
8/16/13 22:00,92.84
8/16/13 23:00,89.78
8/17/13 0:00,88.52
8/17/13 1:00,87.62
8/17/13 2:00,87.26
8/17/13 3:00,85.1
8/17/13 4:00,83.84
8/17/13 5:00,82.58
8/17/13 6:00,84.02
8/17/13 7:00,84.02
8/17/13 8:00,94.28
8/17/13 9:00,100.94
8/17/13 10:00,101.12
8/17/13 11:00,104.36
8/17/13 12:00,106.16
8/17/13 13:00,108.86
8/17/13 14:00,111.02
8/17/13 15:00,111.02
8/17/13 16:00,111.92
8/17/13 17:00,110.84
8/17/13 18:00,108.212
8/17/13 19:00,102.74
8/17/13 20:00,98.24
8/17/13 21:00,97.34
8/17/13 22:00,97.34
8/17/13 23:00,95.54
8/18/13 0:00,96.872
8/18/13 1:00,90.788
8/18/13 2:00,89.132
8/18/13 3:00,88.196
8/18/13 4:00,87.584
8/18/13 5:00,86.882
8/18/13 6:00,85.334
8/18/13 7:00,88.286
8/18/13 8:00,91.886
8/18/13 9:00,97.214
8/18/13 10:00,100.436
8/18/13 11:00,102.668
8/18/13 12:00,105.494
8/18/13 13:00,107.6
8/18/13 14:00,108.932
8/18/13 15:00,109.832
8/18/13 16:00,110.318
8/18/13 17:00,109.922
8/18/13 18:00,108.752
8/18/13 19:00,101.516
8/18/13 20:00,96.314
8/18/13 21:00,94.532
8/18/13 22:00,92.768
8/18/13 23:00,88.88
8/19/13 0:00,86
8/19/13 1:00,85.046
8/19/13 2:00,86.45
8/19/13 3:00,86.414
8/19/13 4:00,84.344
8/19/13 5:00,83.75
8/19/13 6:00,82.49
8/19/13 7:00,84.758
8/19/13 8:00,90.248
8/19/13 9:00,94.532
8/19/13 10:00,98.258
8/19/13 11:00,102.11
8/19/13 12:00,104.198
8/19/13 13:00,106.07
8/19/13 14:00,108.158
8/19/13 15:00,108.806
8/19/13 16:00,107.942
8/19/13 17:00,105.692
8/19/13 18:00,103.838
8/19/13 19:00,100.364
8/19/13 20:00,96.584
8/19/13 21:00,95.306
8/19/13 22:00,93.092
8/19/13 23:00,92.642
8/20/13 0:00,92.138
8/20/13 1:00,90.23
8/20/13 2:00,89.042
8/20/13 3:00,87.44
8/20/13 4:00,86.108
8/20/13 5:00,85.028
8/20/13 6:00,84.776
8/20/13 7:00,86.648
8/20/13 8:00,89.888
8/20/13 9:00,94.352
8/20/13 10:00,96.386
8/20/13 11:00,99.554
8/20/13 12:00,101.012
8/20/13 13:00,106.124
8/20/13 14:00,107.492
8/20/13 15:00,108.23
8/20/13 16:00,108.356
8/20/13 17:00,107.276
8/20/13 18:00,105.224
8/20/13 19:00,101.984
8/20/13 20:00,99.644
8/20/13 21:00,95.558
8/20/13 22:00,93.83
8/20/13 23:00,92.354
8/21/13 0:00,89.06
8/21/13 1:00,87.134
8/21/13 2:00,84.974
8/21/13 3:00,85.964
8/21/13 4:00,84.668
8/21/13 5:00,81.644
8/21/13 6:00,83.75
8/21/13 7:00,86.09
8/21/13 8:00,91.85
8/21/13 9:00,95.252
8/21/13 10:00,98.051
8/21/13 11:00,100.85
8/21/13 12:00,103.55
8/21/13 13:00,104.324
8/21/13 14:00,105.872
8/21/13 15:00,107.402
8/21/13 16:00,107.96
8/21/13 17:00,106.898
8/21/13 18:00,105.404
8/21/13 19:00,102.254
8/21/13 20:00,97.268
8/21/13 21:00,92.732
8/21/13 22:00,92.156
8/21/13 23:00,90.896
8/22/13 0:00,91.094
8/22/13 1:00,90.194
8/22/13 2:00,87.89
8/22/13 3:00,86.702
8/22/13 4:00,86.324
8/22/13 5:00,85.136
8/22/13 6:00,84.776
8/22/13 7:00,86.414
8/22/13 8:00,87.764
8/22/13 9:00,90.77
8/22/13 10:00,92.444
8/22/13 11:00,93.452
8/22/13 12:00,93.488
8/22/13 13:00,92.696
8/22/13 14:00,92.174
8/22/13 15:00,93.2
8/22/13 16:00,93.308
8/22/13 17:00,95.324
8/22/13 18:00,94.352
8/22/13 19:00,92.048
8/22/13 20:00,89.204
8/22/13 21:00,87.584
8/22/13 22:00,86.648
8/22/13 23:00,85.604
8/23/13 0:00,85.064
8/23/13 1:00,85.208
8/23/13 2:00,83.768
8/23/13 3:00,78.1781
8/23/13 4:00,83.678
8/23/13 5:00,83.462
8/23/13 6:00,82.994
8/23/13 7:00,85.352
8/23/13 8:00,90.266
8/23/13 9:00,92.84
8/23/13 10:00,95.45
8/23/13 11:00,98.672
8/23/13 12:00,100.778
8/23/13 13:00,102.524
8/23/13 14:00,102.74
8/23/13 15:00,103.874
8/23/13 16:00,102.65
8/23/13 17:00,100.49
8/23/13 18:00,98.492
8/23/13 19:00,96.53
8/23/13 20:00,92.732
8/23/13 21:00,90.77
8/23/13 22:00,89.276
8/23/13 23:00,87.782
8/24/13 0:00,86.108
8/24/13 1:00,82.22
8/24/13 2:00,81.968
8/24/13 3:00,81.716
8/24/13 4:00,77.7569
8/24/13 5:00,82.895
8/24/13 6:00,78.9359
8/24/13 7:00,84.074
8/24/13 8:00,85.568
8/24/13 9:00,89.708
8/24/13 10:00,93.11
8/24/13 11:00,93.92
8/24/13 12:00,89.0144
8/24/13 13:00,91.838
8/24/13 14:00,96.1592
8/24/13 15:00,99.482
8/24/13 16:00,98.1338
8/24/13 17:00,100.334
8/24/13 18:00,100.76
8/24/13 19:00,96.818
8/24/13 20:00,93.578
8/24/13 21:00,88.4786
8/24/13 22:00,91.13
8/24/13 23:00,89.894
8/25/13 0:00,81.5882
8/25/13 1:00,87.422
8/25/13 2:00,86.648
8/25/13 3:00,83.462
8/25/13 4:00,81.32
8/25/13 5:00,80.222
8/25/13 6:00,76.676
8/25/13 7:00,78.818
8/25/13 8:00,79.394
8/25/13 9:00,81.968
8/25/13 10:00,86.018
8/25/13 11:00,91.4
8/25/13 12:00,93.272
8/25/13 13:00,95.936
8/25/13 14:00,96.692
8/25/13 15:00,96.152
8/25/13 16:00,96.98
8/25/13 17:00,94.694
8/25/13 18:00,92.498
8/25/13 19:00,90.608
8/25/13 20:00,90.104
8/25/13 21:00,86.216
8/25/13 22:00,83.516
8/25/13 23:00,82.922
8/26/13 0:00,82.526
8/26/13 1:00,82.148
8/26/13 2:00,81.932
8/26/13 3:00,81.842
8/26/13 4:00,80.15
8/26/13 5:00,79.556
8/26/13 6:00,78.908
8/26/13 7:00,78.476
8/26/13 8:00,80.384
8/26/13 9:00,82.67
8/26/13 10:00,83.6069
8/26/13 11:00,85.676
8/26/13 12:00,85.262
8/26/13 13:00,85.406
8/26/13 14:00,84.29
8/26/13 15:00,86.072
8/26/13 16:00,87.044
8/26/13 17:00,87.17
8/26/13 18:00,86.324
8/26/13 19:00,85.226
8/26/13 20:00,84.272
8/26/13 21:00,83.318
8/26/13 22:00,80.33
8/26/13 23:00,79.0898
8/27/13 0:00,78.0368
8/27/13 1:00,76.703
8/27/13 2:00,75.3917
8/27/13 3:00,74.0504
8/27/13 4:00,72.7316
8/27/13 5:00,74.1614
8/27/13 6:00,71.9264
8/27/13 7:00,72.44
8/27/13 8:00,79.5893
8/27/13 9:00,77.891
8/27/13 10:00,82.8284
8/27/13 11:00,87.4364
8/27/13 12:00,92.264
8/27/13 13:00,95.144
8/27/13 14:00,95.486
8/27/13 15:00,98.2916
8/27/13 16:00,98.5592
8/27/13 17:00,91.5872
8/27/13 18:00,93.0614
8/27/13 19:00,87.296
8/27/13 20:00,81.95
8/27/13 21:00,81.716
8/27/13 22:00,81.14
8/27/13 23:00,79.358
8/28/13 0:00,79.538
8/28/13 1:00,80.276
8/28/13 2:00,77.6885
8/28/13 3:00,72.8972
8/28/13 4:00,71.4116
8/28/13 5:00,81.3794
8/28/13 6:00,76.076
8/28/13 7:00,82.226
8/28/13 8:00,88.376
8/28/13 9:00,87.8846
8/28/13 10:00,87.3932
8/28/13 11:00,87.3932
8/28/13 12:00,87.3932
8/28/13 13:00,100.6124
8/28/13 14:00,103.064
8/28/13 15:00,101.5634
8/28/13 16:00,100.0628
8/28/13 17:00,94.6301
8/28/13 18:00,94.4402
8/28/13 19:00,90.3182
8/28/13 20:00,94.82
8/28/13 21:00,92.372
8/28/13 22:00,90.32
8/28/13 23:00,86.43425
8/29/13 0:00,75.7538
8/29/13 1:00,75.2654
8/29/13 2:00,74.5862
8/29/13 3:00,74.1614
8/29/13 4:00,73.5458
8/29/13 5:00,82.3208
8/29/13 6:00,80.1401
8/29/13 7:00,87.35
8/29/13 8:00,91.454
8/29/13 9:00,96.818
8/29/13 10:00,98.708
8/29/13 11:00,100.67
8/29/13 12:00,102.632
8/29/13 13:00,103.424
8/29/13 14:00,104.882
8/29/13 15:00,103.604
8/29/13 16:00,99.122
8/29/13 17:00,102.362
8/29/13 18:00,93.686
8/29/13 19:00,88.934
8/29/13 20:00,87.638
8/29/13 21:00,85.838
8/29/13 22:00,80.564
8/29/13 23:00,77.882
8/30/13 0:00,78.818
8/30/13 1:00,78.872
8/30/13 2:00,78.44
8/30/13 3:00,78.026
8/30/13 4:00,77.576
8/30/13 5:00,77.09
8/30/13 6:00,77.144
8/30/13 7:00,77.828
8/30/13 8:00,81.482
8/30/13 9:00,85.964
8/30/13 10:00,89.69
8/30/13 11:00,90.518
8/30/13 12:00,91.697
8/30/13 13:00,92.876
8/30/13 14:00,94.532
8/30/13 15:00,94.568
8/30/13 16:00,95.162
8/30/13 17:00,93.254
8/30/13 18:00,90.896
8/30/13 19:00,85.136
8/30/13 20:00,83.21
8/30/13 21:00,82.67
8/30/13 22:00,82.22
8/30/13 23:00,81.22775
8/31/13 0:00,80.7194
8/31/13 1:00,79.4852
8/31/13 2:00,78.6641
8/31/13 3:00,77.2922
8/31/13 4:00,76.3334
8/31/13 5:00,79.6775
8/31/13 6:00,77.2844
8/31/13 7:00,79.1942
8/31/13 8:00,82.8419
8/31/13 9:00,84.1724
8/31/13 10:00,87.2408
8/31/13 11:00,87.215
8/31/13 12:00,91.3148
8/31/13 13:00,92.3204
8/31/13 14:00,92.3756
8/31/13 15:00,93.698
8/31/13 16:00,94.07
8/31/13 17:00,91.2947
8/31/13 18:00,92.7158
8/31/13 19:00,90.9896
8/31/13 20:00,88.2743
8/31/13 21:00,86.8778
8/31/13 22:00,84.4922
8/31/13 23:00,83.4467